<ROSETTASCRIPTS>

  <RESIDUE_SELECTORS>
    <!-- select chain A -->
    <Chain name="chainA" chains="A" />
    <!-- select residue 123 in whatever numbering scheme -->
    <Index name="pos123" resnums="123A" />
    <!-- intersection: chain A AND res 123 -->
    <And name="target" selectors="chainA,pos123" />
  </RESIDUE_SELECTORS>

  <SIMPLE_METRICS>
    <PerResidueEsmProbabilitiesMetric
      name="esm"
      residue_selector="target"
      model="esm2_t33_650M_UR50D"
      multirun="true"/>
    <ProteinMPNNProbabilitiesMetric
      name="mpnn"
      residue_selector="target"
      coord_selector="chainA"
      sequence_mask_selector="target"/>
    <MIFSTProbabilitiesMetric
      name="mifst"
      residue_selector="target"
      multirun="false" use_gpu="false"/>
  </SIMPLE_METRICS>

  <MOVERS>
    <SaveProbabilitiesMetricMover name="save_esm" metric="esm" filename="esm_probs.weights"/>
    <SaveProbabilitiesMetricMover name="save_mpnn" metric="mpnn" filename="mpnn_probs.weights"/>
    <SaveProbabilitiesMetricMover name="save_mifst" metric="mifst" filename="mifst_probs.weights"/>
  </MOVERS>

  <PROTOCOLS>
    <Add mover_name="save_mifst"/>
    <Add mover_name="save_esm"/>
    <Add mover_name="save_mpnn"/>
  </PROTOCOLS>

</ROSETTASCRIPTS>
